method,seed,time_s,avg_acc,final_acc_all,bwt,forgetting,detection_delay,total_bits,final_grid,params,n_classes,in_dim,T
sefedkan,0,47.3,0.1898871527777778,0.28125,0.1896484375,0.054296875,nan,339520768.0,13,24600,11,256,136
sefedkan,1,42.6,0.1935402199074074,0.24609375,0.1337890625,0.0662109375,nan,350181504.0,13,24600,11,256,136
sefedkan,2,43.1,0.15028211805555555,0.15234375,0.080859375,0.1078125,nan,351706624.0,13,24600,11,256,136
sefedkan,3,41.3,0.16080729166666666,0.20703125,0.16484375,0.0728515625,nan,352737376.0,13,24600,11,256,136
sefedkan,4,41.4,0.12919560185185186,0.2265625,0.115625,0.0771484375,nan,292327744.0,13,24600,11,256,136
fedkan_static,0,42.2,0.1911892361111111,0.28515625,0.2001953125,0.038671875,nan,767457280.0,5,20120,11,256,136
fedkan_static,1,41.7,0.20088252314814814,0.25390625,0.1078125,0.07578125,nan,757155840.0,5,20120,11,256,136
fedkan_static,2,41.0,0.2003761574074074,0.203125,0.1390625,0.1056640625,nan,757155840.0,5,20120,11,256,136
fedkan_static,3,38.8,0.1648582175925926,0.23046875,0.1931640625,0.0546875,nan,715950080.0,5,20120,11,256,136
